id,email,phone,user_type,profile_image_url,auth_provider,is_active,last_login,created_at,updated_at
a948a7a6-7535-45c1-95dc-6ebb8fa72b34,sarah.chen@harvard.edu,,consultant,,{email},true,2025-07-13T15:45:02.692097Z,2025-05-25T18:45:02.692089Z,2025-05-25T18:45:02.692089Z
7cefd294-6775-497d-a13a-373eea813373,james.wilson@harvard.edu,,consultant,,{email},true,2025-07-14T08:45:02.692109Z,2025-05-26T18:45:02.692108Z,2025-05-26T18:45:02.692108Z
639b801b-e0cd-4231-9139-0eda9cb7e39a,priya.sharma@harvard.edu,,consultant,,{email},true,2025-07-14T01:45:02.692116Z,2025-05-27T18:45:02.692115Z,2025-05-27T18:45:02.692115Z
f287b0f4-6204-40ae-9272-592af357cc80,michael.johnson@stanford.edu,,consultant,,{email},true,2025-07-13T21:45:02.692121Z,2025-05-28T18:45:02.692120Z,2025-05-28T18:45:02.692120Z
1684c912-8fc3-4d46-862a-c5e9177530a4,lisa.wang@stanford.edu,,consultant,,{email},true,2025-07-14T07:45:02.692126Z,2025-05-29T18:45:02.692125Z,2025-05-29T18:45:02.692125Z
dfca436c-036a-4194-9b00-a821dd6591a4,emily.patel@mit.edu,,consultant,,{email},true,2025-07-14T12:45:02.692130Z,2025-05-30T18:45:02.692129Z,2025-05-30T18:45:02.692129Z
ffd289d6-f731-49ef-980c-8f7cd8798f37,alex.rodriguez@mit.edu,,consultant,,{email},true,2025-07-13T00:45:02.692134Z,2025-05-31T18:45:02.692133Z,2025-05-31T18:45:02.692133Z
592147d1-1492-4d53-b4c7-09bfbb684c02,david.kim@yale.edu,,consultant,,{email},true,2025-07-14T05:45:02.692138Z,2025-06-01T18:45:02.692137Z,2025-06-01T18:45:02.692137Z
751de371-730d-4bd3-9e89-620b5d68d490,sophie.martinez@yale.edu,,consultant,,{email},true,2025-07-13T03:45:02.692142Z,2025-06-02T18:45:02.692141Z,2025-06-02T18:45:02.692141Z
f1ca40f8-cb70-440e-b7d3-685fa42c5c1e,ryan.thomas@princeton.edu,,consultant,,{email},true,2025-07-13T22:45:02.692146Z,2025-06-03T18:45:02.692145Z,2025-06-03T18:45:02.692145Z
de41442f-3642-4392-bf01-1e8bbec2f50a,nina.patel@princeton.edu,,consultant,,{email},true,2025-07-13T20:45:02.692149Z,2025-06-04T18:45:02.692149Z,2025-06-04T18:45:02.692149Z
f3189645-f5b7-46ec-858e-45334978f713,marcus.lee@columbia.edu,,consultant,,{email},true,2025-07-13T17:45:02.692153Z,2025-06-05T18:45:02.692152Z,2025-06-05T18:45:02.692152Z
c2ccddbe-8d8b-48af-ac98-a7e300af7cb8,jessica.brown@columbia.edu,,consultant,,{email},true,2025-07-14T14:45:02.692160Z,2025-06-06T18:45:02.692159Z,2025-06-06T18:45:02.692159Z
cf427c87-f260-49fb-9ced-d62cd6f78318,kevin.zhou@upenn.edu,,consultant,,{email},true,2025-07-13T10:45:02.692164Z,2025-06-07T18:45:02.692163Z,2025-06-07T18:45:02.692163Z
6e4ebdab-dad2-47ed-80b0-a444583756d5,amanda.davis@brown.edu,,consultant,,{email},true,2025-07-14T10:45:02.692168Z,2025-06-08T18:45:02.692167Z,2025-06-08T18:45:02.692167Z
37bc130e-32cb-40e4-aadc-9e00d7687e83,alex.thompson@gmail.com,,student,,{email},true,2025-07-09T19:45:02.692174Z,2025-05-25T18:45:02.692173Z,2025-05-25T18:45:02.692173Z
736857c4-9f42-4159-b34d-0c85fd6ec0ac,emma.wilson@gmail.com,,student,,{email},true,2025-07-11T18:45:02.692180Z,2025-05-26T18:45:02.692179Z,2025-05-26T18:45:02.692179Z
61537514-f80b-4518-85bf-31e72ada6a6f,daniel.martinez@gmail.com,,student,,{email},true,2025-07-14T16:45:02.692185Z,2025-05-27T18:45:02.692185Z,2025-05-27T18:45:02.692185Z
475278e1-36b4-4cbb-b900-5657ecf46f27,sophia.lee@gmail.com,,student,,{email},true,2025-07-09T23:45:02.692190Z,2025-05-28T18:45:02.692189Z,2025-05-28T18:45:02.692189Z
6e43de78-2f65-4b32-8f23-8f98f50b34b0,noah.chen@gmail.com,,student,,{email},true,2025-07-10T01:45:02.692195Z,2025-05-29T18:45:02.692194Z,2025-05-29T18:45:02.692194Z
91d8da1f-05be-461e-ba74-e069c2bacc7e,olivia.brown@yahoo.com,,student,,{email},true,2025-07-11T17:45:02.692199Z,2025-05-30T18:45:02.692199Z,2025-05-30T18:45:02.692199Z
b128e10a-c802-45f4-acf3-e2286bbcf318,liam.davis@hotmail.com,,student,,{email},true,2025-07-12T06:45:02.692204Z,2025-05-31T18:45:02.692203Z,2025-05-31T18:45:02.692203Z
610f1e96-dbf8-4983-89de-1ae22327effa,ava.garcia@gmail.com,,student,,{email},true,2025-07-11T01:45:02.692210Z,2025-06-01T18:45:02.692209Z,2025-06-01T18:45:02.692209Z
9e55bf6f-4bee-43e0-8f55-bc90b1086c7c,ethan.rodriguez@gmail.com,,student,,{email},true,2025-07-12T23:45:02.692215Z,2025-06-02T18:45:02.692214Z,2025-06-02T18:45:02.692214Z
e7901c2b-91ce-4931-a039-09861108ecc0,isabella.kim@gmail.com,,student,,{email},true,2025-07-12T20:45:02.692219Z,2025-06-03T18:45:02.692219Z,2025-06-03T18:45:02.692219Z
495a097a-7794-40f3-a078-1b9c6bdb7433,mason.taylor@gmail.com,,student,,{email},true,2025-07-12T22:45:02.692224Z,2025-06-04T18:45:02.692223Z,2025-06-04T18:45:02.692223Z
932293b6-2fce-4ab0-b892-60a75c287122,mia.anderson@gmail.com,,student,,{email},true,2025-07-14T04:45:02.692229Z,2025-06-05T18:45:02.692228Z,2025-06-05T18:45:02.692228Z
df618503-7685-47e3-8c40-749d1e673d5c,lucas.thomas@gmail.com,,student,,{email},true,2025-07-14T16:45:02.692233Z,2025-06-06T18:45:02.692232Z,2025-06-06T18:45:02.692232Z
7a08eb4a-0b1d-4e78-9c6e-8f67419cbd40,charlotte.jackson@gmail.com,,student,,{email},true,2025-07-12T15:45:02.692238Z,2025-06-07T18:45:02.692237Z,2025-06-07T18:45:02.692237Z
d681397f-0889-4562-9340-99e822985e61,aiden.white@gmail.com,,student,,{email},true,2025-07-12T12:45:02.692242Z,2025-06-08T18:45:02.692241Z,2025-06-08T18:45:02.692241Z
8ff896eb-39e5-4b26-95fc-b5b6cdc4bbd3,amelia.harris@gmail.com,,student,,{email},true,2025-07-10T10:45:02.692246Z,2025-06-09T18:45:02.692246Z,2025-06-09T18:45:02.692246Z
0f1e07a0-810e-4c43-8346-b819e4d3b18b,henry.martin@gmail.com,,student,,{email},true,2025-07-13T05:45:02.692251Z,2025-06-10T18:45:02.692250Z,2025-06-10T18:45:02.692250Z
31c1070f-f3da-4ab6-af69-96828f781870,evelyn.thompson@gmail.com,,student,,{email},true,2025-07-10T13:45:02.692255Z,2025-06-11T18:45:02.692255Z,2025-06-11T18:45:02.692255Z
6971e776-66b2-4f7d-bdb5-6f2d633c8fae,benjamin.clark@gmail.com,,student,,{email},true,2025-07-11T09:45:02.692260Z,2025-06-12T18:45:02.692259Z,2025-06-12T18:45:02.692259Z
4076c3ce-1add-475a-a29c-8538ae81b615,harper.lewis@gmail.com,,student,,{email},true,2025-07-11T23:45:02.692264Z,2025-06-13T18:45:02.692264Z,2025-06-13T18:45:02.692264Z
db4660f0-4fd8-4c4c-bd77-ce346190c6d3,jack.robinson@gmail.com,,student,,{email},true,2025-07-09T18:45:02.692269Z,2025-06-14T18:45:02.692268Z,2025-06-14T18:45:02.692268Z
ad945c46-da6c-4fa4-90f2-4cb5bc3bc2c8,luna.walker@gmail.com,,student,,{email},true,2025-07-13T17:45:02.692273Z,2025-06-15T18:45:02.692273Z,2025-06-15T18:45:02.692273Z
8ecbe1c3-7b6f-4fb9-8692-f5fc390a486b,sebastian.young@gmail.com,,student,,{email},true,2025-07-12T05:45:02.692278Z,2025-06-16T18:45:02.692277Z,2025-06-16T18:45:02.692277Z
aa718e46-5349-422c-8850-af8c680eca6a,ellie.allen@gmail.com,,student,,{email},true,2025-07-13T10:45:02.692282Z,2025-06-17T18:45:02.692282Z,2025-06-17T18:45:02.692282Z
c2ddb7b1-26f4-47a4-b227-d1f3b9c2e513,owen.king@gmail.com,,student,,{email},true,2025-07-11T03:45:02.692287Z,2025-06-18T18:45:02.692286Z,2025-06-18T18:45:02.692286Z
0a72fe78-f6a7-4817-938c-0d0b9bc0e487,grace.wright@gmail.com,,student,,{email},true,2025-07-11T08:45:02.692291Z,2025-06-19T18:45:02.692290Z,2025-06-19T18:45:02.692290Z
4805aff6-e73b-4be3-844d-8b4868dafdcf,leo.scott@gmail.com,,student,,{email},true,2025-07-14T14:45:02.692296Z,2025-06-20T18:45:02.692295Z,2025-06-20T18:45:02.692295Z
692ba8dc-87af-488b-bbb0-05b1c150b75c,zoe.green@gmail.com,,student,,{email},true,2025-07-13T16:45:02.692300Z,2025-06-21T18:45:02.692299Z,2025-06-21T18:45:02.692299Z
6f1a59ac-fc42-43dd-ab99-2659953d4b88,nathan.baker@gmail.com,,student,,{email},true,2025-07-12T00:45:02.692305Z,2025-06-22T18:45:02.692304Z,2025-06-22T18:45:02.692304Z
79cbe524-1094-453e-9048-be05f54e1c5e,lily.adams@gmail.com,,student,,{email},true,2025-07-10T01:45:02.692309Z,2025-06-23T18:45:02.692308Z,2025-06-23T18:45:02.692308Z
14774f2f-516e-42cd-aca5-116270b5d30a,dylan.nelson@gmail.com,,student,,{email},true,2025-07-12T13:45:02.692313Z,2025-06-24T18:45:02.692313Z,2025-06-24T18:45:02.692313Z
71a6ee51-e2fb-437e-83b3-800f9e591b39,chloe.carter@gmail.com,,student,,{email},true,2025-07-12T17:45:02.692318Z,2025-06-25T18:45:02.692317Z,2025-06-25T18:45:02.692317Z
a4e0f18c-fd85-4336-908d-485412cb6e35,ryan.mitchell@gmail.com,,student,,{email},true,2025-07-10T10:45:02.692322Z,2025-06-26T18:45:02.692322Z,2025-06-26T18:45:02.692322Z
52fad6d9-b514-40ff-884f-c1a817b6242b,hazel.perez@gmail.com,,student,,{email},true,2025-07-11T23:45:02.692327Z,2025-06-27T18:45:02.692326Z,2025-06-27T18:45:02.692326Z
45bd3b5e-d016-4419-ad12-b2c46f8c6f84,luke.roberts@gmail.com,,student,,{email},true,2025-07-13T21:45:02.692331Z,2025-06-28T18:45:02.692330Z,2025-06-28T18:45:02.692330Z
23292fea-4926-4165-82b7-65b1df242af3,aurora.turner@gmail.com,,student,,{email},true,2025-07-10T05:45:02.692336Z,2025-06-29T18:45:02.692335Z,2025-06-29T18:45:02.692335Z
26ecd80e-b21b-4109-bea5-e97d24c7742f,mateo.phillips@gmail.com,,student,,{email},true,2025-07-12T16:45:02.692340Z,2025-06-30T18:45:02.692339Z,2025-06-30T18:45:02.692339Z
51b4d2af-b1fc-4669-b59b-cf7ef6a836df,nora.campbell@gmail.com,,student,,{email},true,2025-07-10T10:45:02.692345Z,2025-07-01T18:45:02.692344Z,2025-07-01T18:45:02.692344Z
09a46ee7-54c6-4120-aaba-5c90362b72fd,asher.parker@gmail.com,,student,,{email},true,2025-07-14T06:45:02.692349Z,2025-07-02T18:45:02.692348Z,2025-07-02T18:45:02.692348Z
871b7965-4d7b-4fbb-95df-6bc12f12f749,violet.evans@gmail.com,,student,,{email},true,2025-07-10T04:45:02.692353Z,2025-07-03T18:45:02.692353Z,2025-07-03T18:45:02.692353Z
47992405-5138-4da0-9a6f-3154983d8d4c,theo.edwards@gmail.com,,student,,{email},true,2025-07-12T17:45:02.692358Z,2025-07-04T18:45:02.692357Z,2025-07-04T18:45:02.692357Z
44b9b05b-6dd2-4899-b237-c87a23b60016,stella.collins@gmail.com,,student,,{email},true,2025-07-09T18:45:02.692363Z,2025-07-05T18:45:02.692362Z,2025-07-05T18:45:02.692362Z
f841d8fc-2478-4fff-b834-3f274eab091a,ezra.stewart@gmail.com,,student,,{email},true,2025-07-11T16:45:02.692367Z,2025-07-06T18:45:02.692366Z,2025-07-06T18:45:02.692366Z
0c76faa9-f1ce-4ff7-9e29-472e664a7661,ivy.sanchez@gmail.com,,student,,{email},true,2025-07-10T12:45:02.692372Z,2025-07-07T18:45:02.692371Z,2025-07-07T18:45:02.692371Z
1f5f9c61-625d-4399-b058-21f2b79091fe,kai.morris@gmail.com,,student,,{email},true,2025-07-11T18:45:02.692376Z,2025-07-08T18:45:02.692376Z,2025-07-08T18:45:02.692376Z
756047d8-3a02-4bfc-a1d5-3b1d33a2d2d1,elena.rogers@gmail.com,,student,,{email},true,2025-07-13T11:45:02.692381Z,2025-07-09T18:45:02.692380Z,2025-07-09T18:45:02.692380Z
82599acf-7d88-430b-8fcd-05dcc69ac039,miles.reed@gmail.com,,student,,{email},true,2025-07-10T04:45:02.692385Z,2025-07-10T18:45:02.692385Z,2025-07-10T18:45:02.692385Z
b9cac74a-b729-491e-a409-d5f13755646b,maya.cook@gmail.com,,student,,{email},true,2025-07-10T22:45:02.692390Z,2025-07-11T18:45:02.692389Z,2025-07-11T18:45:02.692389Z
69f8f77c-6b82-4212-ae42-fcf1b4e2721b,felix.morgan@gmail.com,,student,,{email},true,2025-07-09T20:45:02.692394Z,2025-07-12T18:45:02.692394Z,2025-07-12T18:45:02.692394Z
0beb79d5-6a77-46be-84f9-ab3b0a8627de,claire.bell@gmail.com,,student,,{email},true,2025-07-10T09:45:02.692399Z,2025-07-13T18:45:02.692398Z,2025-07-13T18:45:02.692398Z
